{"cameraMode":{"drawMode":0,"name":"Shaded","section":"Shading Mode"},"sceneLighting":true,"audioPlay":false,"sceneViewState":{"showFog":true,"showMaterialUpdate":false,"showSkybox":true,"showFlares":true,"showImageEffects":true,"showParticleSystems":true},"in2DMode":false,"pivot":{"x":-3.607314348220825,"y":1.7086317539215088,"z":2.8706493377685549},"rotation":{"x":-0.606657087802887,"y":-0.12951615452766419,"z":0.10101684182882309,"w":-0.7778099775314331},"size":3.9744036197662355,"orthographic":false}